<?xml version="1.0" encoding="UTF-8" standalone="yes"?>
<addon id="repository.ff" name="Repo FF" provider-name="panee" version="0.0.2">
  <extension point="xbmc.addon.repository">
    <info>https://raw.githubusercontent.com/paneee/RepoFF/master/addons.xml</info>
    <checksum>https://raw.githubusercontent.com/paneee/RepoFF/master/addons.xml.md5</checksum> 
    <datadir zip="true">https://raw.githubusercontent.com/paneee/RepoFF/master/ff</datadir>
	<summary>Repo FF</summary> 
    <description>Repo FF</description> 
  </extension>
</addon>
