<?xml version="1.0" encoding="UTF-8" standalone="yes"?>
<addon id="repository.kodiwpigulce.pl" name="Kodiwpigulce.pl repository" version="1.0.1" provider-name="www.kodiwpigulce.pl">
	<extension point="xbmc.addon.repository" name="Kodiwpigulce.pl repository">
		<info compressed="true">http://kodiwpigulce.pl/zip/addons.xml</info>
		<checksum>http://kodiwpigulce.pl/zip/addons.xml.md5</checksum>
		<datadir zip="true">http://kodiwpigulce.pl/zip/</datadir>
	</extension>
	<extension point="xbmc.addon.metadata">
		<summary>Repozytorium wtyczek www.kodiwpigulce.pl</summary>
        <description>Zapraszamy po więcej wtyczek na www.kodiwpigulce.pl</description>
		<platform>all</platform>
	</extension>
</addon>