{
    "436230": {
       "name": "Piłka nożna",
       "title": "",
       "icon": "nozna.png",
       "sport_id": 1,
       "active_tab": "lineup",
       "subcategory": {
          "624876": {
             "name": "Reprezentacja",
             "score": {
                "tt_id": 77
             }
          },
          "19226713": {
             "name": "Mundial 2018",
             "score": {
                "tt_id": 77
             }
          },
          "436434": {
             "name": "Liga Mistrzów",
             "score": {
                "tt_id": 42
             }
          },
          "436417": {
             "name": "Liga Europejska",
             "score": {
                "tt_id": 73
             }
          },
          "436246": {
             "name": "Ekstraklasa",
             "score": {
                "tt_id": 196
             }
          },
          "436419": {
             "name": "Anglia",
             "score": {
                "tt_id": 47
             }
          },
          "436421": {
             "name": "Niemcy",
             "score": {
                "tt_id": 54
             }
          },
          "436423": {
             "name": "Włochy",
             "score": {
                "tt_id": 55
             }
          },
          "462349": {
             "name": "Hiszpania",
             "score": {
                "tt_id": 87
             }
          },
          "462350": {
             "name": "Francja",
             "score": {
                "tt_id": 53
             }
          },
          "27040528": {
             "name": "Futsal"
          },
          "750095": {
             "name": "I liga",
             "score": {
                "tt_id": 197
             }
          },
          "436416": {
             "name": "Puchar Polski",
             "score": {
                "tt_id": 198
             }
          },
          "16850343": {
             "name": "Szkolenie młodzieży"
          }
       }
    },
    "436306": {
       "name": "Tenis",
       "title": "",
       "icon": "tenis.png",
       "sport_id": 2,
       "active_tab": "info",
       "subcategory": {
          "21185018": {
             "name": "Wielki Szlem",
             "score": {
                "tt_id": 153
             }
          },
          "21185017": {
             "name": "ATP (mężczyźni)",
             "score": {
                "tt_id": 156
             }
          },
          "21185016": {
             "name": "WTA (kobiety)",
             "score": {
                "tt_id": 152
             }
          }
       }
    },
    "436312": {
       "name": "HOKEJ NA LODZIE",
       "title": "",
       "icon": "hokej.png",
       "sport_id": 5,
       "active_tab": "lineup",
       "subcategory": {
          "925304": {
             "name": "Polska Hokej Liga",
             "score": {
                "tt_id": 9383
             }
          },
          "479715": {
             "name": "Reprezentacja"
          },
          "479717": {
             "name": "NHL",
             "score": {
                "tt_id": 24
             }
          }
       }
    },
    "609277": {
       "name": "BIEGI NARCIARSKIE",
       "title": "",
       "icon": "bieginarciarskie.png",
       "sport_id": 9,
       "active_tab": "stats",
       "subcategory": {}
    },
    "609531": {
       "name": "SKOKI NARCIARSKIE",
       "title": "",
       "icon": "skoki.png",
       "sport_id": 17,
       "active_tab": "stats",
       "subcategory": {}
    },
    "609282": {
       "name": "ŁYŻWIARSTWO SZYBKIE",
       "title": "",
       "icon": "lyzwiarstwoszybkie.png",
       "sport_id": 19,
       "active_tab": "stats",
       "subcategory": {}
    },
    "436301": {
       "name": "PIŁKA RĘCZNA",
       "title": "",
       "icon": "pilkareczna.png",
       "sport_id": 20,
       "active_tab": "lineup",
       "subcategory": {
          "479713": {
             "name": "Reprezentacja mężczyzn",
             "score": {
                "tt_id": 388
             }
          },
          "658557": {
             "name": "Reprezentacja kobiet",
             "score": {
                "tt_id": 363
             }
          },
          "479710": {
             "name": "PGNiG Superliga (M)",
             "score": {
                "tt_id": 9036
             }
          },
          "479709": {
             "name": "PGNiG Superliga (K)",
             "score": {
                "tt_id": 9037
             }
          },
          "1030554": {
             "name": "Puchary",
             "score": {
                "tt_id": 349
             }
          }
       }
    },
    "536353": {
       "name": "SPORTY MOTOROWE",
       "title": "",
       "icon": "moto.png",
       "active_tab": "stats",
       "subcategory": {
          "28217027": {
             "name": "Rajd Dakar"
          },
          "479661": {
             "name": "Formuła 1"
          },
          "609259": {
             "name": "Rajdy samochodowe"
          },
          "609260": {
             "name": "Motocykle"
          },
          "7839548": {
             "name": "Kia Lotos Race"
          }
       }
    },
    "436313": {
       "name": "KOSZYKÓWKA",
       "title": "",
       "icon": "koszykowka.png",
       "sport_id": 23,
       "active_tab": "lineup",
       "subcategory": {
          "2096437": {
             "name": "Reprezentacja mężczyzn",
             "score": {
                "tt_id": 410
             }
          },
          "962259": {
             "name": "Basket Liga",
             "score": {
                "tt_id": 8937
             }
          },
          "7609027": {
             "name": "Reprezentacja kobiet"
          },
          "462450": {
             "name": "Basket Liga Kobiet"
          },
          "462453": {
             "name": "Puchary"
          },
          "462451": {
             "name": "NBA",
             "score": {
                "tt_id": 390
             }
          }
       }
    },
    "436299": {
       "name": "SIATKÓWKA",
       "title": "",
       "icon": "siatkowka.png",
       "sport_id": 51,
       "active_tab": "info",
       "subcategory": {
          "479698": {
             "name": "Reprezentacja mężczyzn",
             "score": {
                "tt_id": 9175
             }
          },
          "649184": {
             "name": "Reprezentacja kobiet",
             "score": {
                "tt_id": 9393
             }
          },
          "479704": {
             "name": "Liga mężczyzn",
             "score": {
                "tt_id": 8936
             }
          },
          "479702": {
             "name": "Liga kobiet",
             "score": {
                "tt_id": 9399
             }
          },
          "479701": {
             "name": "Puchary",
             "score": {
                "tt_id": 0
             }
          },
          "11388519": {
             "name": "Siatkówka plażowa"
          }
       }
    },
    "436310": {
       "name": "ŻUŻEL",
       "title": "",
       "icon": "zuzel.png",
       "sport_id": 76,
       "active_tab": "stats",
       "subcategory": {
          "540856": {
             "name": "Ekstraliga",
             "score": {
                "tt_id": 9396
             }
          },
          "14714587": {
             "name": "Nice Polska Liga Żużlowa"
          },
          "479650": {
             "name": "Grand Prix",
             "score": {
                "tt_id": 9226
             }
          },
          "479651": {
             "name": "Drużynowy Puchar Świata",
             "score": {
                "tt_id": 9225
             }
          }
       }
    },
    "609218": {
       "name": "KOLARSTWO",
       "title": "",
       "icon": "kolarstwo.png",
       "active_tab": "none",
       "subcategory": {
          "627405": {
             "name": "Kolarstwo torowe"
          },
          "625464": {
             "name": "Kolarstwo szosowe"
          },
          "614573": {
             "name": "Kolarstwo górskie"
          }
       }
    },
    "609220": {
       "name": "LEKKOATLETYKA",
       "title": "",
       "icon": "lekkoatletyka.png",
       "active_tab": "none",
       "subcategory": {}
    },
    "609311": {
       "name": "PŁYWANIE",
       "title": "",
       "icon": "plywanie.png",
       "active_tab": "none",
       "subcategory": {}
    },
    "609248": {
       "name": "SPORT NIEPEŁNOSPRAWNYCH",
       "title": "",
       "icon": "parasport.png",
       "subcategory": {},
       "active_tab": "none"
    },
    "609245": {
       "name": "BOKS",
       "title": "",
       "icon": "boks.png",
       "active_tab": "none",
       "subcategory": {}
    },
    "29387042": {
       "name": "E-SPORT",
       "title": "",
       "icon": "esport.png",
       "sport_id": 79,
       "active_tab": "none",
       "subcategory": {}
    },
    "35368522": {
       "name": "Biathlon",
       "title": "",
       "icon": "biathlon.png",
       "sport_id": 7,
       "active_tab": "none",
       "subcategory": {}
    },
    "35368502": {
       "name": "Narciarstwo alpejskie",
       "title": "",
       "icon": "narciarstwoalpejskie.png",
       "sport_id": 6,
       "active_tab": "none",
       "subcategory": {}
    }
 }