<?xml version="1.0" encoding="UTF-8" standalone="yes" ?>
<addon id="repository.TomK19" name="Tom_Repo_K19" version="0.0.1" provider-name="Tom">
	<extension point="xbmc.addon.repository" name="PolishTeam-Repo">
	<dir>
		<info compressed="false">http:///addons.xml</info>
		<checksum>http://md5</checksum>
		<datadir zip="true">http:///</datadir>
		<datadir zip="true"></datadir>
	</dir>	
	</extension>
	<extension point="xbmc.addon.metadata">
		<summary>Repozytorium  Tom</summary>
		<description></description> 
		<platform>all</platform>
		<license>GNUv3</license>
		<website></website>
		<assets> <!-- poprawka ikon -->
			<icon>icon.png</icon>
			<fanart>fanart.jpg</fanart>			
		</assets>
	</extension>
</addon>


