<?xml version="1.0" encoding="UTF-8" standalone="yes"?>
<addon id="plugin.video.Tom19" name="Tom19" version="1.0.0" provider-name="Tom">
  <requires>
    <import addon="xbmc.python" version="3.0.0"/>
    <import addon="script.module.requests" version="2.22.0"/>
  </requires>
  <extension point="xbmc.python.pluginsource" library="default.py">
    <provides>video</provides>
  </extension>
  <extension point="xbmc.addon.metadata">
    <summary lang="en_GB">Tom</summary>
    <summary lang="de_DE">Tom</summary>
    <description lang="en_GB">Manage your various playlists in a simple way.[CR][CR]Note:[CR]This addon does not contain any illegal content. Should you add any illegal content, you are fully responsible for any consequences.</description>
    <description lang="de_DE">Verwalte auf einfache Art und Weise deine verschiedenen Playlisten.[CR][CR]Hinweis:[CR]Dieses Addon enthält keine illegalen Inhalte. Solltest du irgendwelche illegalen Inhalte hinzufügen, bist du im vollen Umfang für eventuelle Folgen verantwortlich.</description>
    <language>en de</language>
    <platform>all</platform>
      <assets>
        <icon>icon.png</icon>
    </assets>
  </extension>
</addon>
