<?xml version="1.0" encoding="UTF-8" standalone="yes"?>
<addon id="repository.pltwcollectionk19" name="PTW Collection K19" provider-name="KODI CHERRY" version="0.0.7">
  <extension point="xbmc.addon.repository">
	<dir>
		<info>https://polishteam.ru/REPA/CollectionK19/zip/addons.xml</info>
		<checksum>https://polishteam.ru/REPA/CollectionK19/zip/addons.xml.md5</checksum>
		<datadir zip="true">https://polishteam.ru/REPA/CollectionK19/zip/</datadir>
	</dir>
  </extension>
  <extension point="xbmc.addon.metadata">
    <summary lang="en">PTW Collection K19</summary>
    <description lang="en">Dodatki pod matrixa zebrane przez team PLTW</description>
	<disclaimer lang="en">Kodi jest programem darmowym. Wtyczki, które są zawarte w projekcie PLTW  są również darmowe i powszechnie dostępne w internecie dla każdego.
	CHERRY TV nie dostarcza bezpośrednio telewizji, filmów, seriali, muzyki ani żadnych treści audio/wideo. CHERRY TV nie udostepnia telewizji online,korzysta jedynie z kont premium udostepnionych w sieci.Jest jedynie zbiorem wtyczek. Projekt ten ma jedynie ułatwić użytkownikowi ustawianie programu Kodiczy instalacje wtyczek . Jeżeli dana wtyczka nie działa zgodnie z założeniem należny kontaktować się z jej autorem. Jeżeli stan taki się utrzymuje dłużnej może zostać taka wtyczka usunięta oraz będzie szukana alternatywa.
	</disclaimer>
    <website>https://polishteam.ru/</website>
    <platform>all</platform>
  </extension>
</addon>
