<?xml version="1.0" encoding="UTF-8" standalone="yes"?>
<addon id="plugin.video.internetowa" version="1.0" name="Internetowa.ws" provider-name="Internetowa.ws">
	<requires>
		<import addon="xbmc.python" version="2.1.0"/>
		<import addon="script.module.simplejson" version="2.0.10"/>
	</requires>
	<extension point="xbmc.python.pluginsource" library="addon.py">
		<provides>video</provides>
	</extension>
	<extension point="xbmc.addon.metadata">
		<summary>Internetowa.ws - telewizja online</summary>
		<summary lang="pl">Internetowa.ws - telewizja online</summary>
		<description>Internetowa.ws - telewizja online</description>
		<description lang="pl">Internetowa.ws - telewizja online</description>
		<disclaimer>Internetowa.ws - telewizja online</disclaimer>
		<disclaimer lang="pl">Internetowa.ws - telewizja online</disclaimer>
		<platform>all</platform>
	</extension>
</addon>