<?xml version="1.0" encoding="UTF-8" standalone="yes" ?>
<addon id="repository.polishteamK19" name="PolishTeam_Repo_K19" version="0.0.5" provider-name="Polish Team">
	<extension point="xbmc.addon.repository" name="PolishTeam-Repo">
	<dir>
		<info compressed="false">http://polishteam.ru/REPOK19/addons.xml</info>
		<checksum>http://polishteam.ru/REPOK19/addons.xml.md5</checksum>
		<datadir zip="true">http://polishteam.ru/REPOK19/</datadir>
		<datadir zip="true"></datadir>
	</dir>
	<dir minversion="18.9.0">
		<info compressed="false">https://raw.githubusercontent.com/fanfilm/repository.fanfilm/master/zips19/addons.xml</info>
		<checksum>https://raw.githubusercontent.com/fanfilm/repository.fanfilm/master/zips19/addons.xml.md5</checksum>
		<datadir zip="true">https://raw.github.com/fanfilm/repository.fanfilm/master/zips19</datadir>
	</dir>
	<dir> <!-- https://raw.githubusercontent.com/fanfilm/repository.fanfilm/master/zips19/addons.xmlresolvera -->
		<info compressed="false">https://raw.githubusercontent.com/Gujal00/smrzips/master/addons.xml</info>
		<checksum>https://raw.githubusercontent.com/Gujal00/smrzips/master/addons.xml.md5</checksum>
		<datadir zip="true">https://raw.githubusercontent.com/Gujal00/smrzips/master/zips/</datadir>
	</dir>	
	</extension>
	<extension point="xbmc.addon.metadata">
		<summary>Repozytorium wizardow Polish Team</summary>
		<description></description> 
		<platform>all</platform>
		<license>GNUv3</license>
		<website>http://polishteam.ru/</website>
		<assets> <!-- poprawka ikon -->
			<icon>icon.png</icon>
			<fanart>fanart.jpg</fanart>			
		</assets>
	</extension>
</addon>


