<?xml version="1.0" encoding="UTF-8" standalone="yes"?>
<addon id="repository.tom" name="Tom Kodi Addons Repository +poprawki i wtyczki kol.mbebe" provider-name="tom" version="0.0.1">
  <extension point="xbmc.addon.repository">
    <info>https://raw.githubusercontent.com/krecik71/kret/master/addons.xml</info>
    <checksum>https://raw.githubusercontent.com/krecik71/kret/master/addons.xml.md5</checksum>
    <datadir zip="true">https://raw.githubusercontent.com/krecik71/kret/master/kret</datadir>
 
 </dir>
    </extension>
    <extension point="xbmc.addon.metadata">
        <summary>Podpis Repository</summary>
        <summary lang="pl">Repozytorium wtyczek tom</summary>
        <summary lang="en">Addons repository</summary>
        <description>Unofficial, private Addons repository.</description>
        <disclaimer>Repository has non-comercial nature. Just for fun</disclaimer>
        <disclaimer lang="pl">Zawarto�� repozytorium ma charakter niekomercyjny. Jest tworzona dla zabawy.</disclaimer>
        <platform>all</platform>
        <website>https://github.com/krecik71/kret/</website>
        <email></email>
    </extension>
 
</addon>
