<?xml version="1.0" encoding="UTF-8" standalone="yes"?>
<addon id="repository.tom" name="Tom Kodi Addons Repository +poprawki i wtyczki kol.mbebe" provider-name="tom" version="0.0.2">
  <extension point="xbmc.addon.repository">
    <info>https://raw.githubusercontent.com/krecik71/kret/master/addons.xml</info>
    <checksum>https://raw.githubusercontent.com/krecik71/kret/master/addons.xml.md5</checksum>
    
<datadir zip="true">https://github.com/krecik71/kret/raw/master/kret</datadir>
  
</extension>

</addon>


